420005;2629;1;133.1
420010;17767;8;157.6
420020;11646;5;150.3
420030;6511;2;107.5
420040;6587;3;159.4
420050;6123;3;171.5
420055;3000;1;116.7
420060;7193;3;146.0
420070;10963;3;95.8
420075;1847;1;189.5
420080;5955;3;176.3
420090;5484;2;127.6
420100;8339;3;125.9
420110;3761;1;162.8
420120;12464;4;140.4
420125;10041;5;200.4
420127;4505;2;155.4
420130;52079;18;124.3
420140;76611;15;68.5
420150;9289;4;150.7
420160;3634;1;168.5
420165;2623;1;133.4
420170;8720;4;160.6
420180;3265;2;214.4
420190;7241;3;145.0
420195;17786;6;118.1
420205;16953;5;103.2
420200;151674;22;78.5
420207;17986;6;136.2
421280;30593;12;145.9
422000;17697;6;133.5
420208;3265;1;107.2
420209;1642;1;213.2
420210;52860;11;73.6
420213;5939;3;176.8
420215;2712;1;129.1
420220;10757;6;195.2
420230;83756;36;150.7
420240;385558;117;114.8
420243;3639;1;168.3
420250;3995;2;175.2
420253;2896;1;120.8
420257;2240;1;156.3
420260;8422;4;166.2
420245;28738;9;109.6
420270;5705;4;245.4
420280;35985;12;126.4
420285;4256;2;164.5
420287;2433;1;143.8
420290;155307;62;139.7
420300;76298;24;118.1
420310;6441;3;163.0
420315;3519;2;198.9
420320;117324;26;82.0
420330;12886;3;101.8
420340;7324;4;191.2
420350;9864;4;141.9
420360;39049;11;104.1
420370;13618;6;154.2
420380;56948;21;133.7
420325;2636;1;132.8
420390;24414;6;86.0
420395;25015;9;143.4
420400;11033;4;126.9
420410;4752;2;147.3
420415;2864;1;122.2
420417;3303;2;211.9
420419;3053;2;229.3
420420;282648;76;95.0
420425;18106;7;135.3
420430;87206;16;101.7
420435;5192;2;134.8
420440;10604;3;99.0
420445;1993;1;175.6
420455;16253;5;107.7
420450;15912;5;110.0
420460;227438;62;96.1
420470;11242;4;124.5
420475;2026;1;172.8
420480;41741;8;73.4
420490;8652;3;121.3
420500;15316;6;137.1
420510;4435;2;157.8
420515;3729;2;187.7
420517;3561;1;172.0
420519;2354;1;148.7
420520;5137;2;136.3
420530;11537;5;151.7
420535;1868;1;187.4
420540;587486;164;102.8
420543;2752;1;127.2
420545;34771;12;120.8
420550;34065;11;133.6
420555;2437;1;143.6
420560;3168;2;220.9
420570;34070;15;154.1
420580;19970;8;140.2
420590;78344;26;116.2
420600;18280;7;134.0
420610;6403;3;164.0
420620;13158;4;126.3
420630;26645;8;105.1
420640;11071;5;158.1
420650;51009;18;123.5
420660;4893;2;143.1
420665;9611;2;72.8
420670;22222;9;141.8
420675;2061;1;169.8
420680;3295;2;292.1
420690;20900;7;134.0
420700;63489;20;130.9
420710;18627;7;131.5
420720;12150;5;144.0
420730;57256;19;134.5
420740;6166;3;170.3
420750;77888;30;143.8
420757;2967;1;118.0
420760;4622;2;151.4
420765;9759;4;143.4
420768;8133;4;172.1
420770;8121;3;129.3
420775;3981;2;175.8
420780;10560;5;165.7
420785;2098;1;166.8
420790;10427;5;167.8
420800;7370;3;142.5
420810;22906;9;149.0
420820;294850;78;92.7
420830;86116;29;127.2
420840;17268;6;121.6
420845;36033;13;126.3
420850;28461;8;98.4
420860;4461;2;156.9
420870;10818;3;121.3
420880;21570;9;170.4
420890;199519;37;65.5
420895;1810;1;193.4
420900;31809;11;137.5
420910;664541;178;94.7
420915;6415;3;163.7
420917;2713;1;129.0
420920;2302;1;152.0
420930;172458;51;104.2
420940;44060;20;159.5
420945;1791;1;195.4
420950;8605;4;162.7
420960;14628;7;167.5
420970;11575;4;136.1
420980;3379;2;207.2
420985;4604;2;152.0
420990;13829;6;151.8
421000;12246;5;164.3
421003;5951;3;176.4
421005;1796;1;194.9
421010;57262;26;163.4
421020;3253;2;215.2
421030;7543;4;185.6
421040;8344;3;125.8
421050;30743;10;114.5
421055;2218;1;157.8
421060;18122;7;135.2
421070;2789;2;251.0
421080;7128;3;147.3
421085;2554;1;137.0
421090;4159;2;168.3
421100;10206;4;137.2
421105;9218;4;151.9
421110;7747;4;180.7
421120;19490;7;161.6
421125;3097;1;113.0
421130;96046;29;118.4
421140;5490;2;127.5
421145;4672;2;149.8
421150;14395;7;206.7
421160;14004;6;149.9
421165;2661;1;131.5
421170;24686;9;127.6
421175;17873;6;117.5
421180;7062;3;148.7
421185;2195;1;159.4
421187;2007;1;174.4
421189;2216;1;157.9
421190;253469;48;66.4
421200;7696;4;181.9
421205;2658;1;131.7
421210;15781;5;110.9
421220;19769;6;119.5
421223;4394;2;159.3
421225;14859;3;106.0
421227;3997;2;175.1
421230;9879;3;132.8
421240;4355;2;160.7
421250;36995;14;139.5
421260;3040;1;115.1
421265;10615;5;164.9
421270;6996;3;150.1
421290;23897;7;102.5
421300;3631;2;192.8
421310;6144;2;113.9
421315;3081;1;113.6
421320;37003;14;132.4
421330;4390;2;159.4
421335;3241;2;216.0
421340;10732;4;130.4
421350;31557;16;177.4
421360;33694;12;124.7
421370;18051;8;155.1
421380;8696;3;120.7
421390;1707;1;205.0
421400;21764;11;176.9
421410;2347;1;149.1
421415;3073;1;113.9
421420;11433;4;122.5
421430;3484;1;100.5
421440;6399;2;109.4
421450;6638;3;158.2
421460;8071;3;130.1
421480;77451;17;79.9
421470;11218;4;156.0
421490;5044;2;138.8
421500;40132;10;93.8
421505;2429;1;144.1
421507;4828;2;145.0
421510;13491;5;129.7
421520;4684;2;149.4
421530;7656;4;182.9
421535;3604;2;194.2
421540;4495;2;155.7
421545;13797;6;152.2
421550;15749;4;88.9
421555;2476;1;141.3
421560;2131;1;164.2
421565;10450;5;167.5
421567;8015;3;131.0
421568;2534;1;138.1
421569;1732;1;202.1
421570;30099;10;168.6
421580;87661;18;80.9
421575;2715;1;128.9
421590;2982;1;117.4
421600;10462;5;167.3
421605;6489;2;129.8
421610;9343;4;149.8
421620;56726;14;87.9
421630;35336;13;128.8
421635;4827;2;253.8
421625;6467;2;108.2
421640;9278;3;113.2
421650;26982;9;116.7
421660;295658;64;76.3
421670;14538;5;122.0
421680;8706;3;120.6
421690;26056;10;134.3
421700;14444;5;139.3
421710;3520;1;99.4
421715;1777;1;197.0
421720;47724;18;132.5
421725;6175;2;126.2
421730;10799;4;129.6
421740;21710;8;129.0
421750;19399;7;126.3
421755;3370;2;207.7
421760;14156;6;160.7
421770;31722;10;110.3
421775;2900;1;120.7
421780;18909;8;148.1
421790;8144;4;171.9
421795;2535;1;138.1
421800;58695;18;112.8
421810;5503;2;127.2
421820;49768;17;119.5
421825;7521;4;186.1
421830;20525;10;170.5
421835;3920;2;178.6
421840;7633;4;183.4
421850;9531;3;110.2
421860;7599;4;184.2
421870;116725;32;102.7
421875;5081;2;137.8
421880;13604;4;141.5
421885;2791;1;125.4
421890;11064;5;181.9
421895;2751;1;127.2
421900;21464;9;146.8
421910;3726;2;187.9
421915;2613;1;133.9
421917;4597;2;152.3
421920;6266;3;167.6
421930;59074;13;93.7
421935;5507;3;190.7
421940;4513;2;155.1
421950;54891;15;95.6
421960;3583;2;195.4
421970;34485;9;91.3
421985;4257;1;82.2
